interval,sum_abs_coef
15,3.214674859
60,2.828875099
Full,2.444011295
5,1.894332697
180,1.782330181
1,1.55503738
