side,sum_abs_coef
Buy,7.260105649
Sell,6.459155863
